ContentID,ParentContentID,AssociateType,AssociateID,FileName,PageTitle,AdditionalPageTitle,MetaKeywords,MetaDescription,Template,CreatedDate,CreatedByUserID,PublishedDate,LastUpdated,UpdatedByUserID,Protected,Rank,ProductRank,Enabled,Featured,RedirectContentID,Views,MapID,GalleryID,NotificationType
1,0,Home,1,/default.aspx,"Avena Herbal Products",,,,default.aspx,4/5/2012,1,4/5/2012,8/16/2013,1,1,1,0,1,0,0,1934532,0,0,0
2,0,None,2,/about-us/,"About Us",,,,about-us.aspx,4/5/2012,1,4/5/2012,3/11/2014,1,1,2,0,1,0,0,142106,0,0,0
3,0,None,3,/delivery-times/,"Delivery Times",,,,content-item.aspx,4/5/2012,1,4/5/2012,10/22/2021,2,1,3,0,1,0,0,41679,0,0,0
4,0,None,4,/testimonials/,Testimonials,,,,testimonials.aspx,4/5/2012,1,4/5/2012,4/14/2014,1,1,4,0,1,0,0,23070,0,0,0
5,0,None,5,/safety/,Safety,,,,content-item.aspx,4/5/2012,1,4/5/2012,5/17/2015,2,1,5,0,1,0,0,22661,0,0,0
6,0,Contact,1,/contact-us/,"Contact Us",,,,contact.aspx,4/5/2012,1,4/5/2012,1/6/2014,1,1,6,0,1,0,0,79736,0,0,0
7,0,None,7,/making-a-purchase/,"Making a Purchase",,,,content-item.aspx,4/5/2012,1,4/5/2012,10/25/2012,2,1,8,0,1,0,0,19397,0,0,0
8,0,SiteMap,1,/site-map/,"Site Map",,,,site-map.aspx,4/5/2012,1,4/5/2012,4/5/2012,1,1,8,0,1,0,0,12450,0,0,0
9,0,None,9,/terms-of-use/,"Terms of Use",,,,content-item.aspx,4/5/2012,1,4/5/2012,5/30/2012,1,1,9,0,1,0,0,14953,0,0,0
10,0,None,10,/privacy-policy/,"Privacy Policy",,,,content-item.aspx,4/5/2012,1,4/5/2012,5/26/2018,6,1,10,0,1,0,0,16742,0,0,0
11,0,None,11,/links/,Links,,,,content-item.aspx,4/5/2012,1,4/5/2012,5/29/2012,1,1,11,0,1,0,0,17338,0,0,0
14,0,ManufacturerItem,2,/avena/,Avena,,,,manufacturer-item.aspx,4/5/2012,1,4/5/2012,4/5/2012,1,0,1,0,1,0,0,0,0,0,0
31,0,Ecommerce,1,/shopping-basket/,"Shopping Basket",,,,shopping-basket.aspx,4/11/2012,1,4/11/2012,4/11/2012,1,1,1,0,1,0,0,559867,0,0,0
32,0,ProductSearchResults,1,/search-results/,"Search Results",,,,search-results.aspx,4/11/2012,1,4/11/2012,4/11/2012,1,1,1,0,1,0,0,780900,0,0,0
76,0,Part,1,n/a,"Footer - Top Text",,,,basic.htm,4/12/2012,0,4/12/2012,11/13/2014,1,1,1000,0,1,0,0,0,0,0,0
77,0,None,14,/wholesale/,Wholesale,,,,wholesale.aspx,5/1/2012,1,5/1/2012,6/7/2012,1,1,7,0,1,0,0,94117,0,0,0
78,5,None,15,/safety/making-a-purchase/,"Making a Purchase",,,,content-item.aspx,5/29/2012,1,5/29/2012,5/29/2012,1,0,1,0,1,0,0,4347,0,0,0
81,77,None,16,/wholesale/wholesale-faqs/,"Wholesale FAQ's",,,,content-item.aspx,5/31/2012,1,5/31/2012,8/19/2022,2,0,1,0,1,0,0,9086,0,0,0
3962,77,None,17,/wholesale/dropship-faqs/,"Dropship FAQ's",,,,content-item.aspx,10/31/2012,1,10/31/2012,10/18/2023,2,0,2,0,1,0,0,48484,0,0,0
5319,0,Blog,18,/blog/,Blog,,,,blog.aspx,7/16/2013,1,7/16/2013,7/16/2013,1,1,99,0,1,0,0,32375,0,0,0
5321,0,BlogItem,3,/blog/2013/7/essential-oils-a-brief-history/,"Essential oils – a brief history","| Benefits of essential oils | Fragrance Oils","essential oil, fragrance oil, essential oil benefits, using essential oils","Avena have a wide range of essential oils available that are used for a variety of different reasons. Essential oils are a great way to treat a range of common ailments in a natural way.",blog-item.aspx,7/16/2013,1,7/16/2013,1/7/2014,1,0,1,0,1,0,0,996,0,0,0
5324,0,BlogItem,4,/blog/2013/7/reducing-stress-in-a-busy-modern-world-how-can-i-use-essential-oils/,"Reducing stress in a busy modern world – how can I use essential oils?",,,,blog-item.aspx,7/19/2013,1,7/19/2013,7/26/2013,1,0,1,0,1,0,0,2233,0,0,0
5327,0,BlogItem,5,/blog/2013/7/how-can-i-use-wind-chimes-to-help-me-relax/,"How can I use wind chimes to help me relax?","| Wind Chimes | Relax with wind chimes","wind chimes, chimes, relax with wind chimes","Wind Chimes can be a great way to relax as many produce soothing sounds which help to sooth you. Our blog looks into why they are popular.",blog-item.aspx,7/23/2013,10,7/23/2013,1/7/2014,1,0,1,0,1,0,0,1233,0,0,0
5328,0,BlogItem,6,/blog/2013/7/massage-oils-v-facial-oils-which-is-the-most-effective/,"Massage oils v facial oils – which is the most effective?","Massage Oils and Facial Oils, Essential Oils for your skin, Skincare, Natural Skincare","Massage Oils, Moisturising Oils, Moisturising Skincare","Massage Oils and Facial Oils can be beneficial for the skin as a natural way to moisturising, but which, if either, has the edge?",blog-item.aspx,7/25/2013,1,7/25/2013,1/7/2014,1,0,1,0,1,0,0,651,0,0,0
5329,0,BlogItem,7,/blog/2013/7/what-are-the-best-fragrance-oils-for-relaxation/,"What are the best fragrance oils for relaxation?",,"Fragrance Oils",,blog-item.aspx,7/25/2013,1,7/25/2013,1/6/2014,1,0,1,0,1,0,0,871,0,0,0
5331,0,BlogItem,8,/blog/2013/8/12-great-ways-to-use-lavender-essential-oils/,"12 great ways to use lavender essential oils","| lavender essential oils","lavender essential oils, essential oils, natural products, avena","Lavender oil is well known for being relaxing, balancing and calming, both physically and emotionally so try these 12 great tips.",blog-item.aspx,8/6/2013,1,8/6/2013,1/7/2014,1,0,1,0,1,0,0,46404,0,0,0
5332,0,BlogItem,9,/blog/2013/8/the-legend-of-the-dream-catcher/,"The Legend of the Dream Catcher",,,,blog-item.aspx,8/6/2013,10,8/6/2013,8/6/2013,10,0,1,0,1,0,0,1121,0,0,0
5333,0,BlogItem,10,/blog/2013/8/semi-precious-stones/,"Semi Precious Stones",,,,blog-item.aspx,8/6/2013,10,8/6/2013,8/6/2013,10,0,1,0,1,0,0,656,0,0,0
5334,0,BlogItem,11,/blog/2013/8/relax-with-lavender/,"Relax with Lavender",,,,blog-item.aspx,8/6/2013,10,8/6/2013,8/6/2013,10,0,1,0,1,0,0,665,0,0,0
5335,0,BlogItem,12,/blog/2013/8/the-benefits-of-natural-beauty-products/,"The benefits of natural beauty products",,,,blog-item.aspx,8/7/2013,10,8/7/2013,8/7/2013,10,0,1,0,1,0,0,735,0,0,0
5336,0,BlogItem,13,/blog/2013/8/5-reasons-to-love-massage-therapy/,"5 reasons to love massage therapy!","| Massage Therapy | Massage Benefits","massage, massage therapy, massage techniques, essential oils in massage","Massage can be beneficial to all areas of the body alongside improving general wellbeing and health. Avena have a large range of lotions and essential oils that can be used in massage.",blog-item.aspx,8/7/2013,10,8/7/2013,1/7/2014,1,0,1,0,1,0,0,319,0,0,0
5355,0,BlogItem,14,/blog/2013/8/basil-essential-oil/,"Basil Essential Oil","| Basil Essential Oil | Essential Oils","Essential oils, basil essential oils, essential oil benefits","Basil essential oil can be beneficial to the body in many ways. Our blog takes a look at some of the benefits of this versatile essential oil.",blog-item.aspx,8/15/2013,10,8/15/2013,1/7/2014,1,0,1,0,1,0,0,85,0,0,0
5356,0,BlogItem,15,/blog/2013/8/the-story-of-the-buddha/3/,"The Story of the Buddha",,,,blog-item.aspx,8/15/2013,10,8/17/2013,8/20/2013,10,0,1,0,1,0,0,547,0,0,0
5371,0,BlogItem,16,/blog/2013/8/meditation-techniques/,"Meditation Techniques","| Meditation Techniques | Meditation | Meditation Tips","Meditation Techniques, how to meditate, meditation benefits","Meditation can be very useful when you are wanting to relax. It can help to clear the mind and help you to relax as well as focus. Our blog looks at ways to meditate and tips and techniques you can put into practice.",blog-item.aspx,8/20/2013,10,8/20/2013,1/7/2014,1,0,1,0,1,0,0,161,0,0,0
5372,0,BlogItem,17,/blog/2013/8/how-to-use-spheres/2/,"How to use Spheres","| Spheres | How to use Spheres","Spheres, how to use spheres, what are spheres?",,blog-item.aspx,8/20/2013,10,8/20/2013,1/7/2014,1,0,1,0,1,0,0,533,0,0,0
5374,0,BlogItem,18,/blog/2013/8/the-history-of-gargoyles/,"The History of Gargoyles",,,,blog-item.aspx,8/20/2013,10,8/20/2013,8/21/2013,10,0,1,0,1,0,0,161,0,0,0
5375,0,BlogItem,19,/blog/2013/8/ways-to-cleanse-your-crystals/2/,"Ways to cleanse your Crystals",,,,blog-item.aspx,8/21/2013,10,8/21/2013,8/21/2013,10,0,1,0,1,0,0,332,0,0,0
5376,0,BlogItem,20,/blog/2013/8/aniseed-essential-oil/,"Aniseed Essential Oil","| Aniseed Essential Oil | Essential Oils | Natural Remedies","aniseed essential oil, essential oils, natural products","Aniseed essential oil can be beneficial in many ways. Our blog takes a look at some of the benefits of this essential oil and it's many uses.",blog-item.aspx,8/21/2013,10,8/21/2013,1/7/2014,1,0,1,0,1,0,0,652,0,0,0
5377,0,BlogItem,21,/blog/2013/8/communicating-with-your-angels/,"Communicating with your Angels","| Angels | Guardian Angels | Communicating with your angels","angels, communicating with angels, angel cards, spirituality","Many people believe we each have one or more Guardian Angel's with us all the time to protect us. Our blog takes a look at this and a few ways you can encourage communication between you and your angels.",blog-item.aspx,8/21/2013,10,8/21/2013,1/7/2014,1,0,1,0,1,0,0,614,0,0,0
5378,0,BlogItem,22,/blog/2013/8/how-can-i-improve-my-meditation/,"How can I improve my Meditation?","| Meditation tips | Meditation Benefits","Meditation Techniques, how to meditate, meditation benefits","Meditation can be beneficial for a number of reasons. Our blog looks at different ways to meditate and techniques that can be used.",blog-item.aspx,8/21/2013,10,8/21/2013,1/7/2014,1,0,1,0,1,0,0,751,0,0,0
5424,0,BlogItem,23,/blog/2013/8/uses-for-chamomile-flowers/,"Uses for Chamomile Flowers",,,,blog-item.aspx,8/28/2013,10,8/28/2013,8/28/2013,10,0,1,0,1,0,0,916,0,0,0
5431,0,BlogItem,24,/blog/2013/9/essential-oils-for-the-body/,"Essential Oils for the body","| Essential Oils | Fragrance Oils","essential oils, essential oils for the body, essential oils for the skin","Essential oils can be used on the body for many different uses. They can help with a variety of different ailments on all different areas of the body. Take a look at our infographic for guidance on where essential oils can be helpful.",blog-item.aspx,9/3/2013,10,9/3/2013,1/7/2014,1,0,1,0,0,0,0,49,0,0,0
5438,0,BlogItem,25,/blog/2013/9/essential-oils-for-the-body/2/,"Essential Oils for the body",,,,blog-item.aspx,9/9/2013,1,9/9/2013,9/17/2013,10,0,1,0,1,0,0,687,0,0,0
5450,0,BlogItem,26,/blog/2013/9/essential-oils-for-healthy-hair/,"Essential Oils for healthy hair","| Essential Oils for hair | Fragrance Oils","Essential Oil for the hair, haircare","Avena has a large range of moisturising essential oils that are perfect for achieving healthy hair without weighing it down. Our blog looks at ways in which essential oils can be used to achieve healthy, glossy hair.",blog-item.aspx,9/16/2013,1,9/16/2013,1/7/2014,1,0,1,0,1,0,0,659,0,0,0
5451,0,BlogItem,27,/blog/2013/9/avenas-guide-to-incense/,"Avena's guide to Incense","| Incense | Incense sticks","Incense sticks, Incense, Incense cones, Incense","Incense is a great way to relax and fragrance your home. Avena has a large selection of incense products to suit your mood.",blog-item.aspx,9/17/2013,10,9/17/2013,1/7/2014,1,0,1,0,1,0,0,951,0,0,0
5453,0,BlogItem,28,/blog/2013/9/using-essential-oils-in-your-bath/,"Using Essential Oils in your bath",,,,blog-item.aspx,9/17/2013,10,9/17/2013,9/17/2013,10,0,1,0,1,0,0,729,0,0,0
5454,0,BlogItem,29,/blog/2013/9/avenas-guide-to-male-grooming/,"Avena's guide to male grooming","| Male grooming | Male grooming products","male grooming products, beauty for men, male grooming","Grooming is essential for any man to look and feel good. Avena have a wide range of male grooming products.",blog-item.aspx,9/17/2013,10,9/24/2013,1/7/2014,1,0,1,0,1,0,0,825,0,0,0
5535,0,BlogItem,30,/blog/2013/10/bay-essential-oil/,"Bay Essential Oil","| Bay Essential Oil | Essential Oils","bay essential oil, essential oil, fragrance oil","Bay essential oil is a great for using as an antiseptic along with its many other uses. Our blog looks at how this essential oil can be used.",blog-item.aspx,10/2/2013,10,10/2/2013,1/7/2014,1,0,1,0,1,0,0,753,0,0,0
5539,0,BlogItem,31,/blog/2013/10/benefits-of-massage-to-the-body/,"Benefits of massage to the body","| Massage Therapy | Massage Benefits","massage, massage therapy, massage techniques","Avena has a wide range of products available to achieve the perfect massage and enable you to relax.",blog-item.aspx,10/2/2013,10,10/2/2013,1/7/2014,1,0,1,0,1,0,0,285,0,0,0
5541,0,BlogItem,32,/blog/2013/10/carrier-oils/,"Carrier Oils","| Carrier Oils for Essential Oils","carrier oils, essential oils","Carrier oils are used as a moisturising base and to mix with essential oils. It is important not to apply essential oils directly to the skin as they can burn, our blog looks at different types of carrier oils.",blog-item.aspx,10/2/2013,10,10/3/2013,1/7/2014,1,0,1,0,1,0,0,546,0,0,0
5544,0,BlogItem,34,/blog/2013/10/enjoy-a-massage-with-avena/,"Enjoy a massage with Avena","| Massage Therapy | Massage Benefits","massage, massage therapy, massage techniques, massage benefits","Enjoy a massage with Avena. We have a wide range of products, lotions and essential oils to ensure you have the perfect relaxing massage.",blog-item.aspx,10/2/2013,10,10/2/2013,1/7/2014,1,0,1,0,1,0,0,743,0,0,0
5550,0,BlogItem,35,/blog/2013/10/bergamot-essential-oil/,"Bergamot Essential Oil","| Bergamot Essential Oil | Essential Oils","Essential oils, bergamot essential oils, essential oil benefits","Bergamot essential oil is great for helping to ease a persistent headache. We take a look at the common uses and benefits in our useful blog.",blog-item.aspx,10/3/2013,10,10/3/2013,1/7/2014,1,0,1,0,1,0,0,658,0,0,0
5551,0,BlogItem,36,/blog/2013/10/comfrey-oil-an-avena-bestseller/,"Comfrey Oil - An Avena Bestseller","| comfrey essential oil | essential oils","Essential oils, comfrey essential oil, essential oil benefits","Comfrey oil is an bestseller for Avena. It is great for easing aches and pains when rubbed on the skin.",blog-item.aspx,10/3/2013,10,10/3/2013,1/7/2014,1,0,1,0,1,0,0,1133,0,0,0
5552,0,BlogItem,37,/blog/2013/10/benzoin-essential-oil/,"Benzoin Essential Oil","| Benzoin Essential Oil | Essential Oils","Essential oils, benzoin essential oil, essential oil benefits","Benzoin essential oil is a great essential oil to use when you are feeling stressed as it is classed as a relaxant. Our blog looks at its many uses.",blog-item.aspx,10/3/2013,10,10/3/2013,1/7/2014,1,0,1,0,1,0,0,823,0,0,0
5571,0,BlogItem,38,/blog/2013/10/relax-with-a-hypnosis-cd/,"Relax with a hypnosis CD",,,,blog-item.aspx,10/7/2013,10,10/7/2013,11/13/2014,1,0,1,0,1,0,0,527,0,0,0
5638,0,BlogItem,39,/blog/2013/10/black-pepper-essential-oil/,"Black Pepper Essential Oil","| Black Pepper Essential Oil | Essential Oil","Essential oils, black pepper essential oil, essential oil benefits","Black pepper essential oil isn't very well known as a favourite essential oil but has some great health benefits such as easing arthritis and helping digestion.",blog-item.aspx,10/16/2013,10,10/16/2013,1/7/2014,1,0,1,0,1,0,0,610,0,0,0
5639,0,BlogItem,40,/blog/2013/10/cajaput-essential-oil/,"Cajaput essential oil","| Benefits of cajaput essential oil | essential oils","Essential oils, cajaput essential oil, essential oil benefits","Cajaput essential oil is a great oil for improving various skin conditions. Our blog looks at a few uses of the moisturising essential oil.",blog-item.aspx,10/16/2013,10,10/16/2013,1/7/2014,1,0,1,0,1,0,0,2098,0,0,0
5640,0,BlogItem,41,/blog/2013/10/camphor-essential-oil/,"Camphor Essential Oil","| Benefits of Camphor Essential Oil | Essential Oils","Essential oils, camphor essential oils, essential oil benefits","Camphor essential oil is a great essential oil for helping to ease a cold. Our blog looks at some of the common uses.",blog-item.aspx,10/16/2013,10,10/16/2013,1/7/2014,1,0,1,0,1,0,0,927,0,0,0
5643,0,BlogItem,42,/blog/2013/10/how-can-meditation-help-children/,"How can meditation help Children?","| Meditation for Children | Meditation to help your Child","Children's Meditation, Child Meditation","Meditation can be beneficial for your Child for a number of reasons. Our blog looks at why it can be helpful to encourage your child to meditate and practice meditation into adulthood.",blog-item.aspx,10/16/2013,10,10/17/2013,1/7/2014,1,0,1,0,1,0,0,483,0,0,0
5644,0,BlogItem,43,/blog/2013/10/easing-arthritis/,"Easing Arthritis","| Arthritis | Easing Arthritis | Arthritis Treatment | Helping Arthritis","arthritis, arthritis care, arthritis treatment","Arthritis can be extremely painful and cause sufferers great discomfort. Avena has a wide range of products formulated to help ease arthritis and similar conditions. Our blog looks at a few of our products and how they can help to reduce pain.",blog-item.aspx,10/16/2013,10,10/18/2013,1/7/2014,1,0,1,0,1,0,0,867,0,0,0
5645,0,BlogItem,44,/blog/2013/10/grape-seed-oil-ideal-for-baby-massage/,"Grape Seed Oil - Ideal for baby massage","| Baby Massage with Grape Seed Oil","baby massage, massage for your baby, Grape Seed Oil.","Massaging your baby can be beneficial for a variety of different reasons, both emotionally and physically. Massaging your baby can also encourage bonding and is great for the baby and the Mother. Our blog looks at why Grape Seed Oil is ideal.",blog-item.aspx,10/16/2013,10,10/19/2013,1/7/2014,1,0,1,0,1,0,0,5891,0,0,0
5646,0,BlogItem,45,/blog/2013/10/what-are-rune-stones/,"What are rune stones?",,,,blog-item.aspx,10/16/2013,10,10/20/2013,10/16/2013,10,0,1,0,1,0,0,938,0,0,0
5647,0,BlogItem,46,/blog/2013/10/the-importance-of-a-skincare-routine/,"The Importance of a Skincare Routine",,,,blog-item.aspx,10/16/2013,10,10/21/2013,11/20/2013,10,0,1,0,1,0,0,761,0,0,0
5648,0,BlogItem,47,/blog/2013/10/relax-with-a-wheat-bag/,"Relax with a wheat bag",,,,blog-item.aspx,10/17/2013,10,10/17/2013,10/17/2013,10,0,1,0,1,0,0,1037,0,0,0
5649,0,BlogItem,48,/blog/2013/10/how-can-i-use-incense-to-help-me-relax/,"How can I use incense to help me relax?","| Incense | Incense sticks","Incense sticks, Incense, Incense cones, Incense","Incense can be beneficial in many ways and can help you relax. There are a wide range of incense types and fragrances available to suit your mood.",blog-item.aspx,10/17/2013,10,10/17/2013,1/7/2014,1,0,1,0,1,0,0,790,0,0,0
5650,0,BlogItem,49,/blog/2013/10/rub-a-dub-dub-bathtime-with-avena/,"Rub a dub dub - Bathtime with Avena!",,,,blog-item.aspx,10/17/2013,10,10/18/2013,10/18/2013,10,0,1,0,1,0,0,692,0,0,0
5873,0,BlogItem,50,/blog/2013/11/enjoy-cinnamon-at-christmas/,"Enjoy Cinnamon at Christmas","| Cinnamon | Christmas","Christmas, cinnamon","Cinnamon has long been enjoyed at Christmas. It is traditionally linked with the festive season and has been used in many different ways for a number of years. Our blog takes a look at this tradition.",blog-item.aspx,11/20/2013,10,11/19/2013,1/7/2014,1,0,1,0,1,0,0,675,0,0,0
5874,0,BlogItem,51,/blog/2013/11/protect-your-skin-from-the-cold-weather/,"Protect your skin from the cold weather","| Natural Skincare | Protect your skin from the cold","natural skincare, protect your skin from the cold weather, skincare for dry skin, skincare in the cold weather","Skin may need extra care in the cold weather as it can be prone to chapping and dryness and lose moisture faster. Avena has a wide range of skincare suitable for use in the cold weather.",blog-item.aspx,11/20/2013,10,11/19/2013,1/7/2014,1,0,1,0,1,0,0,954,0,0,0
5875,0,BlogItem,52,/blog/2013/11/be-more-ecofriendly-with-a-reed-diffuser/,"Be more eco-friendly with a reed diffuser","| Reed Diffusers | Eco-friendly","eco-friendly, reed diffusers, home fragrance","Avena reed diffusers are a great way to fragrance your home and also be friendly to the environment by avoiding harmful pollutants.",blog-item.aspx,11/20/2013,10,11/19/2013,1/7/2014,1,0,1,0,1,0,0,4581,0,0,0
5876,0,BlogItem,53,/blog/2013/11/festive-essential-oil-blend/,"Festive Essential Oil Blend","| Christmas Essential Oil | Festive Essential Oils","essential oils at Christmas, festive fragrance oils, christmas essential oils","Fragrance plays a huge part in creating a festive environment. Whether it be festive spice or hints of citrus make you think of Christmas, Avena can help create the perfect Christmas scents.",blog-item.aspx,11/20/2013,10,11/19/2013,1/7/2014,1,0,1,0,1,0,0,1037,0,0,0
5877,0,BlogItem,54,/blog/2013/11/candles-at-christmas/,"Candles at Christmas","| Christmas Candles | Festive Candles","candles at christmas, christmas candles, candlelight","Avena has a wide range of candles that can be used at Christmas and all year round. Our blog takes a look at the tradition of using candles and Christmas and why they remain so popular.",blog-item.aspx,11/20/2013,10,11/19/2013,1/7/2014,1,0,1,0,1,0,0,727,0,0,0
5878,0,BlogItem,55,/blog/2013/11/carrot-seed-essential-oil/,"Carrot Seed Essential Oil","| Benefits of Carrot Seed Essential Oil | Essential Oils","Essential oils, carrot seed essential oil, essential oil benefits","Carrot seed essential oil is a great essential oil for moisturising the skin and preventing wrinkles. Our blog looks at some of the most common uses.",blog-item.aspx,11/22/2013,10,11/21/2013,1/7/2014,1,0,1,0,1,0,0,796,0,0,0
5879,0,BlogItem,56,/blog/2013/11/choose-the-perfect-christmas-gift-with-avena/,"Choose the perfect Christmas gift with Avena","| Christmas gifts | Christmas present ideas","christmas gifts, christmas presents","Choosing the perfect Christmas present can be difficult. Avena have a large selection of Christmas presents and gifts suitable for anyone. Take a look at our blog for some inspiration.",blog-item.aspx,11/25/2013,10,11/24/2013,1/7/2014,1,0,1,0,1,0,0,758,0,0,0
5880,0,BlogItem,57,/blog/2013/11/pamper-your-pet-this-christmas/,"Pamper your pet this Christmas!","| Treat pets at Christmas | Christmas gifts for pets","Pets at Christmas, Treat pets this Christmas, pet gifts, animal gifts","Don't forget your pets this Christmas. Avena has a variety of gifts available for pets and animals.",blog-item.aspx,11/25/2013,10,11/25/2013,1/7/2014,1,0,1,0,1,0,0,1310,0,0,0
5881,0,BlogItem,58,/blog/2013/11/relax-in-time-for-christmas-with-avena/,"Relax in time for Christmas with Avena","| Christmas Relaxation","Relax at Christmas, Christmas Relaxation, Relaxation Techniques",,blog-item.aspx,11/25/2013,10,11/24/2013,11/26/2013,10,0,1,0,1,0,0,1064,0,0,0
5882,0,BlogItem,59,/blog/2013/11/warm-up-with-our-microwavable-products/,"Warm up with our microwavable products",,,,blog-item.aspx,11/25/2013,10,11/25/2013,11/25/2013,10,0,1,0,1,0,0,625,0,0,0
5940,0,None,18,/new-language-test/,"New Language Test",,,,content-item.aspx,12/4/2013,1,12/4/2013,12/4/2013,1,0,1,0,1,0,0,3184,0,0,0
5980,0,BlogItem,60,/blog/2013/12/relax-by-burning-essential-oils/,"Relax by burning essential oils","| Essential Oils | Oil Burning","essential oils, oil burner, relax with essential oils",,blog-item.aspx,12/19/2013,13,12/18/2013,12/19/2013,14,0,1,0,1,0,0,437,0,0,0
5981,0,BlogItem,61,/blog/2013/12/explore-our-abluo-range/,"Explore our Abluo range!","| Abluo | Natural Skincare","skincare, essential oils, healing, natural products, abluo","Our Abluo range is great for a variety of reasons, including aching joints and muscle aches. Our blog looks at a few of the uses of our range and how our products can help you.",blog-item.aspx,12/19/2013,13,12/18/2013,1/7/2014,1,0,1,0,1,0,0,541,0,0,0
5982,0,BlogItem,62,/blog/2013/12/eucalyptus-leaf/,"Eucalyptus Leaf","| Natural Remedies","eucalyptus leaf, eucalyptus essential oil","Eucalyptus leaf is a very versatile leaf to have in the home. It is commonly found in lotions and is great for the skin. Our blog looks at a few of the benefits it can provide.",blog-item.aspx,12/19/2013,13,12/18/2013,1/7/2014,1,0,1,0,1,0,0,485,0,0,0
5983,0,BlogItem,63,/blog/2013/12/cedarwood-essential-oil/,"Cedarwood Essential Oil","| Essential Oils | Oil Burning","cedarwood essential oil, essential oils, natural products","Cedarwood essential oil is a great essential oil to treat acne and issues with the scalp. Our blog looks at some of the many uses of this useful essential oil to have in the home.",blog-item.aspx,12/19/2013,13,12/18/2013,1/7/2014,1,0,1,0,1,0,0,1191,0,0,0
5984,0,BlogItem,64,/blog/2013/12/reduce-cellulite-with-massage/,"Reduce Cellulite with Massage","| Cellulite busting tips | Natural skincare","cellulite, essential oils, natural skincare",,blog-item.aspx,12/19/2013,13,12/18/2013,12/19/2013,14,0,1,0,1,0,0,534,0,0,0
5985,0,BlogItem,65,/blog/2013/12/celery-seed-essential-oil/,"Celery Seed Essential Oil","| Essential Oils | Natural Products","essential oils, celery seed essential oil","Celery seed essential oil is a great essential oil to use in your bath to promote the feeling of calm. Our blog looks at a variety of uses for this oil.",blog-item.aspx,12/20/2013,14,12/19/2013,1/7/2014,1,0,1,0,1,0,0,500,0,0,0
5986,0,BlogItem,66,/blog/2013/12/chesty-cough-ease-it-with-our-chest-rub/,"Chesty cough? Ease it with our chest rub!","| Cough Medicine | Natural Products","Natural Products, Cough Medicine, Cold Medicine","Are you suffering from a stubborn chesty cough this Winter? Ease it with a natural chest rub from Avena. Our blog looks at the benefits and why it is good to 'go natural.'",blog-item.aspx,12/20/2013,14,12/18/2013,1/7/2014,1,0,1,0,1,0,0,757,0,0,0
5987,0,BlogItem,67,/blog/2013/12/improve-your-memory-with-a-hypnosis-cd/,"Improve your memory with a hypnosis CD","| Hypnosis CD's","CD's, hypnosis",,blog-item.aspx,12/20/2013,14,12/18/2013,12/20/2013,14,0,1,0,1,0,0,452,0,0,0
5988,0,BlogItem,68,/blog/2013/12/patchouli-ointment/,"Patchouli Ointment","| Natural Remedies | Natural Products","patchouli ointment, natural products","Patchouli Ointment is a great natural product with a range of uses. We look at a few of these in our blog.",blog-item.aspx,12/20/2013,14,12/17/2013,1/7/2014,1,0,1,0,1,0,0,576,0,0,0
6021,0,BlogItem,69,/blog/2014/1/natural-soap/,"Natural Soap","| Soap by Avena | Natural products","handmade soap, soap, natural products, avena","Our blog looks at why natural soap is a better alternative to soaps that contain lots of artificial chemicals which in many cases can be the source of a variety of skin complains such as dryness.",blog-item.aspx,1/6/2014,1,1/5/2014,1/7/2014,1,0,1,0,1,0,0,1279,0,0,0
6025,0,Tag,10,/shop/all/,All,,All,,tag.aspx,1/9/2014,1,1/9/2014,1/9/2014,1,0,0,0,1,0,0,58078,0,0,0
6026,0,Tag,11,/shop/aromatherapy/,Aromatherapy,,"Beauty & Relaxation",,tag.aspx,1/9/2014,1,1/9/2014,1/9/2014,1,0,0,0,1,0,0,28037,0,0,0
6027,0,Tag,12,/shop/fragrance/,Fragrance,,Fragrance,,tag.aspx,1/9/2014,1,1/9/2014,1/9/2014,1,0,0,0,1,0,0,20048,0,0,0
6028,0,Tag,13,/shop/gift-ideas/,"Gift Ideas",,"Gift Ideas",,tag.aspx,1/9/2014,1,1/9/2014,1/9/2014,1,0,0,0,1,0,0,20891,0,0,0
6029,0,Tag,14,/shop/spiritual-fantasy/,"Spiritual & Fantasy",,"Spiritual & Fantasy",,tag.aspx,1/9/2014,1,1/9/2014,1/9/2014,1,0,0,0,1,0,0,16537,0,0,0
6030,0,Tag,15,/shop/the-stone-shop/,"The Stone Shop",,"The Stone Shop",,tag.aspx,1/9/2014,1,1/9/2014,1/9/2014,1,0,0,0,1,0,0,22114,0,0,0
6031,0,Tag,16,/shop/offers/,Offers,,Offers,,tag.aspx,1/9/2014,1,1/9/2014,1/9/2014,1,0,0,0,1,0,0,20308,0,0,0
6032,0,Tag,17,/shop/seasonal/,Seasonal,,Seasonal,,tag.aspx,1/9/2014,1,1/9/2014,1/9/2014,1,0,0,0,1,0,0,15340,0,0,0
6041,0,BlogItem,70,/blog/2014/1/chamomile-roman-essential-oil-anthemis-nobilis/,"Chamomile Roman Essential Oil (Anthemis Nobilis)","| Benefits of Chamomile Roman Essential Oil","Chamomile, essential oil, natural",,blog-item.aspx,1/9/2014,1,1/8/2014,11/13/2014,1,0,1,0,1,0,0,392,0,0,0
6042,0,BlogItem,71,/blog/2014/1/chamomile-german-blue-essential-oil-matricaria-chamomilla/,"Chamomile German (Blue) Essential Oil (Matricaria Chamomilla)","| Benefits of Chamomile German Essential Oil","Chamomile, essential oil, natural",,blog-item.aspx,1/9/2014,1,1/8/2014,1/9/2014,1,0,1,0,1,0,0,601,0,0,0
6044,0,None,19,/categories/,Categories,,,,categories-list.aspx,1/10/2014,1,1/10/2014,1/10/2014,1,1,1,0,1,0,0,4143,0,0,0
6046,0,BlogItem,72,/blog/2014/1/clary-sage-essential-oil/,"Clary Sage Essential Oil","| Benefits of Clary Sage | Essential Oils","essential oil, essential oils, clary sage essential oils, essential oil benefits",,blog-item.aspx,1/13/2014,1,1/12/2014,1/13/2014,1,0,1,0,1,0,0,1593,0,0,0
6047,0,BlogItem,73,/blog/2014/1/explore-the-varieties-of-incense/,"Explore the varieties of incense!","| Relax with incense | Incense sticks","Incense sticks, Incense, Incense cones",,blog-item.aspx,1/13/2014,1,1/12/2014,1/13/2014,1,0,1,0,1,0,0,1051,0,0,0
6049,0,BlogItem,74,/blog/2014/1/citronella-essential-oil/,"Citronella Essential Oil","| Benefits of Citronella | Citronella Essential Oil","citronella essential oil, essential oils, essential oil benefits",,blog-item.aspx,1/13/2014,1,1/11/2014,1/13/2014,1,0,1,0,1,0,0,810,0,0,0
6050,0,BlogItem,75,/blog/2014/1/the-effects-of-meditation-on-the-body/,"The Effects of Meditation on the Body","| Benefits of meditation | Meditation","meditation, meditating, benefits of meditation, how to meditate",,blog-item.aspx,1/13/2014,1,1/10/2014,1/13/2014,1,0,1,0,1,0,0,786,0,0,0
6051,0,BlogItem,76,/blog/2014/1/essential-oils-for-children/2/,"Essential Oils For Children","| Children using essential oils | Benefits of essential oils","essential oils and children, essential oils for children, benefits of essential oils, essential oils",,blog-item.aspx,1/13/2014,1,1/12/2014,2/25/2014,1,0,1,0,1,0,0,861,0,0,0
6052,0,BlogItem,77,/blog/2014/1/fragrance-your-home-the-natural-way-with-a-reed-diffuser/,"Fragrance your home the natural way with a reed diffuser","| Reed Diffusers | Eco-friendly","reed diffusers, fragrance your home, fragrance",,blog-item.aspx,1/13/2014,1,1/12/2014,1/13/2014,1,0,1,0,1,0,0,1075,0,0,0
6053,0,BlogItem,78,/blog/2014/1/cinnamon-essential-oil/,"Cinnamon Essential Oil","| Benefits of cinnamon essential oil | Essential oils","cinnamon essential oil, essential oil benefits, essential oil recipe",,blog-item.aspx,1/13/2014,1,1/12/2014,1/13/2014,1,0,1,0,1,0,0,1083,0,0,0
6054,0,BlogItem,79,/blog/2014/1/make-your-own-massage-oil/,"Make your own massage oil!","| Avena Massage Oil | Relax with Massage","massage, massage therapy, massage techniques, massage benefits","We are an ecommerce website specialising in health and wellbeing products. We sell a variety of massage oils, which are beautifully natural.",blog-item.aspx,1/13/2014,1,1/12/2014,2/25/2014,1,0,1,0,1,0,0,1176,0,0,0
6068,0,None,20,/contact-us-success/,"Contact Us Success",,,,content-item.aspx,1/14/2014,1,1/14/2014,1/14/2014,1,1,99,0,1,0,0,6211,0,0,0
6069,0,None,21,/newsletter-registration-success/,"Newsletter Registration Success",,,,content-item.aspx,1/14/2014,1,1/14/2014,8/15/2017,15,1,99,0,1,0,0,14006,0,0,0
6114,0,BlogItem,80,/blog/2014/1/the-health-benefits-of-meditation/,"The Health Benefits Of Meditation!","| Meditation | Natural Remedies","meditation, meditating, benefits of meditation, how to meditate",,blog-item.aspx,1/31/2014,1,1/29/2014,1/31/2014,1,0,1,0,1,0,0,989,0,0,0
6224,0,BlogItem,81,/blog/2014/2/the-origin-of-meditation/,"The Origin Of Meditation","| Meditation | History Of Meditation","meditation, meditating, benefits of meditation, how to meditate","We are an ecommerce website specialising in health and wellbeing products. The blog section of our website aims to provide people with useful advise and tips on a range of practices, such as meditation.",blog-item.aspx,2/25/2014,1,2/24/2014,2/25/2014,1,0,1,0,1,0,0,1060,0,0,0
6225,0,BlogItem,82,/blog/2014/2/the-benefits-of-going-natural/,"The Benefits Of Going Natural","| Natural Remedies | Natural Products | Natural Skin Care","natural skincare, natural products, plant products","We are an ecommerce website specialising in health and wellbeing products. We like to provide advice through the blog section of our website about many of our products and the lifestyle they support.",blog-item.aspx,2/25/2014,1,2/24/2014,2/25/2014,1,0,1,0,1,0,0,1079,0,0,0
6227,0,BlogItem,83,/blog/2014/2/how-do-essential-oils-work/,"How Do Essential Oils Work?","| Essential Oils Science | Benefits of Essential Oils","essential oils, benefits of essential oils, essential oil therapy","We are an ecommerce website specialising in health and wellbeing products. The blog section of our website aims to provide customers with useful information about our products and the practices they assist, such as aromatherapy and meditation.",blog-item.aspx,2/25/2014,1,2/25/2014,2/25/2014,1,0,1,0,1,0,0,1188,0,0,0
6812,0,BlogItem,84,/blog/2014/4/your-health-and-essential-oils/,"Your Health and Essential Oils","| Essential Oils | Aromatherapy","Essential oils, Skincare, Natural Products",,blog-item.aspx,4/9/2014,1,4/9/2014,4/9/2014,1,0,1,0,1,0,0,417,0,0,0
6834,4,None,22,/testimonials/joan/,Joan,,,,content-item.aspx,4/14/2014,1,4/14/2014,4/14/2014,1,0,1,0,1,0,0,2955,0,0,0
6835,4,None,23,/testimonials/geoff/,Geoff,,,,content-item.aspx,4/14/2014,1,4/14/2014,4/14/2014,1,0,2,0,1,0,0,3060,0,0,0
6836,4,None,24,/testimonials/bobbie-williams/,"Bobbie Williams",,,,content-item.aspx,4/14/2014,1,4/14/2014,4/14/2014,1,0,3,0,1,0,0,3017,0,0,0
6837,4,None,25,/testimonials/mrs-carol-arnold/,"Mrs Carol Arnold",,,,content-item.aspx,4/14/2014,1,4/14/2014,4/14/2014,1,0,4,0,1,0,0,3138,0,0,0
6838,4,None,26,/testimonials/jan-a-kiwi-in-ireland/,"Jan, A kiwi in Ireland",,,,content-item.aspx,4/14/2014,1,4/14/2014,4/14/2014,1,0,5,0,1,0,0,2861,0,0,0
6843,0,BlogItem,85,/blog/2014/4/buddha-quote/,"Buddha Quote",,,,blog-item.aspx,4/16/2014,6,4/16/2014,4/16/2014,6,0,1,0,1,0,0,1002,0,0,0
6866,0,BlogItem,86,/blog/2014/4/4000-years-of-medicine-quote/,"4000 Years of Medicine Quote",,,,blog-item.aspx,4/21/2014,6,4/21/2014,4/21/2014,6,0,1,0,1,0,0,746,0,0,0
6868,0,BlogItem,87,/blog/2014/4/three-gates-quote/,"Three Gates Quote",,,,blog-item.aspx,4/23/2014,6,4/23/2014,4/23/2014,6,0,1,0,1,0,0,850,0,0,0
6909,0,BlogItem,88,/blog/2014/4/breath-quote/,"Breath Quote",,,,blog-item.aspx,4/28/2014,7,4/28/2014,4/28/2014,7,0,1,0,1,0,0,790,0,0,0
6924,0,BlogItem,89,/blog/2014/5/tree-advice-quote/,"Tree advice quote",,,,blog-item.aspx,5/1/2014,7,5/1/2014,5/1/2014,7,0,1,0,1,0,0,690,0,0,0
6946,0,BlogItem,90,/blog/2014/5/mistakes-quote/,"Mistakes Quote",,,,blog-item.aspx,5/4/2014,6,5/4/2014,5/4/2014,6,0,1,0,1,0,0,779,0,0,0
6972,0,BlogItem,91,/blog/2014/5/little-things-quote/,"Little Things Quote",,,,blog-item.aspx,5/7/2014,6,5/7/2014,5/7/2014,6,0,1,0,1,0,0,705,0,0,0
6973,0,BlogItem,92,/blog/2014/5/happiness-quote/,"Happiness Quote",,,,blog-item.aspx,5/11/2014,6,5/11/2014,5/11/2014,6,0,1,0,1,0,0,571,0,0,0
6974,0,BlogItem,93,/blog/2014/5/anger-quote/,"Anger Quote",,,,blog-item.aspx,5/13/2014,7,5/13/2014,5/13/2014,7,0,1,0,1,0,0,1093,0,0,0
6988,0,BlogItem,94,/blog/2014/5/staying-silent-quote/,"Staying Silent Quote",,,,blog-item.aspx,5/16/2014,7,5/16/2014,5/16/2014,7,0,1,0,1,0,0,1384,0,0,0
7015,0,BlogItem,95,/blog/2014/5/wifi-quote/,"WiFi Quote",,,,blog-item.aspx,5/20/2014,7,5/20/2014,5/20/2014,7,0,1,0,1,0,0,957,0,0,0
7023,0,BlogItem,96,/blog/2014/5/karma-quote/,"Karma Quote",,,,blog-item.aspx,5/22/2014,6,5/22/2014,5/22/2014,6,0,1,0,1,0,0,1091,0,0,0
7049,0,BlogItem,97,/blog/2014/5/nature-quote/,"Nature Quote",,,,blog-item.aspx,5/25/2014,6,5/25/2014,5/25/2014,6,0,1,0,1,0,0,642,0,0,0
7050,0,BlogItem,98,/blog/2014/5/essential-oil-safety/,"Essential Oil Safety",,,,blog-item.aspx,5/25/2014,6,5/25/2014,5/25/2014,6,0,1,0,1,0,0,406,0,0,0
7061,0,BlogItem,99,/blog/2014/5/do-it-now-quote/,"Do It Now Quote",,,,blog-item.aspx,5/28/2014,6,5/28/2014,5/28/2014,6,0,1,0,1,0,0,817,0,0,0
7072,0,BlogItem,100,/blog/2014/6/dont-be-in-such-a-hurry-quote/,"Don't Be In Such A Hurry Quote",,,,blog-item.aspx,6/3/2014,7,6/3/2014,6/3/2014,7,0,1,0,1,0,0,861,0,0,0
7091,0,BlogItem,101,/blog/2014/6/special-daddy-quote/,"Special Daddy Quote",,,,blog-item.aspx,6/6/2014,6,6/6/2014,6/6/2014,6,0,1,0,1,0,0,571,0,0,0
7113,0,BlogItem,102,/blog/2014/6/dad-quote/,"Dad Quote",,,,blog-item.aspx,6/10/2014,6,6/10/2014,6/10/2014,6,0,1,0,1,0,0,865,0,0,0
7115,0,BlogItem,103,/blog/2014/6/father-quote/,"Father Quote",,,,blog-item.aspx,6/12/2014,7,6/12/2014,6/12/2014,7,0,1,0,1,0,0,621,0,0,0
7120,0,BlogItem,104,/blog/2014/6/father-quote/2/,"Father Quote",,,,blog-item.aspx,6/15/2014,6,6/15/2014,6/15/2014,6,0,1,0,1,0,0,581,0,0,0
7121,0,BlogItem,105,/blog/2014/6/courage-quote/,"Courage Quote",,,,blog-item.aspx,6/18/2014,6,6/18/2014,6/18/2014,6,0,1,0,1,0,0,869,0,0,0
7165,0,BlogItem,106,/blog/2014/6/half-glass-quote/,"Half Glass Quote",,,,blog-item.aspx,6/21/2014,6,6/21/2014,6/21/2014,6,0,1,0,1,0,0,663,0,0,0
7166,0,BlogItem,107,/blog/2014/6/memories-quote/,"Memories Quote",,,,blog-item.aspx,6/24/2014,7,6/24/2014,6/24/2014,7,0,1,0,1,0,0,1532,0,0,0
7167,0,BlogItem,108,/blog/2014/6/the-dalai-lama-quote/,"The Dalai Lama Quote",,,,blog-item.aspx,6/27/2014,7,6/27/2014,6/27/2014,7,0,1,0,1,0,0,501,0,0,0
7168,0,BlogItem,109,/blog/2014/7/dreams-and-reality-quote/,"Dreams and Reality Quote",,,,blog-item.aspx,7/1/2014,7,7/1/2014,7/1/2014,7,0,1,0,1,0,0,1013,0,0,0
7169,0,BlogItem,110,/blog/2014/7/teacher-quote/,"Teacher Quote",,,,blog-item.aspx,7/6/2014,6,7/6/2014,7/6/2014,6,0,1,0,1,0,0,661,0,0,0
7170,0,BlogItem,111,/blog/2014/7/teacher-quote/2/,"Teacher Quote",,,,blog-item.aspx,7/10/2014,6,7/10/2014,7/10/2014,6,0,1,0,1,0,0,772,0,0,0
7171,0,BlogItem,112,/blog/2014/7/a-teacher-takes-quote/,"A Teacher Takes Quote",,,,blog-item.aspx,7/12/2014,7,7/12/2014,7/12/2014,7,0,1,0,1,0,0,529,0,0,0
7174,0,BlogItem,113,/blog/2014/7/children-are-born-with-quote/,"Children Are Born With Quote",,,,blog-item.aspx,7/15/2014,7,7/15/2014,7/15/2014,7,0,1,0,1,0,0,1004,0,0,0
7175,0,BlogItem,114,/blog/2014/7/ideal-teachers-are-quote/,"Ideal Teachers Are Quote",,,,blog-item.aspx,7/18/2014,7,7/18/2014,7/18/2014,7,0,1,0,1,0,0,919,0,0,0
7176,0,BlogItem,115,/blog/2014/7/the-only-person-quote/,"The Only Person Quote",,,,blog-item.aspx,7/21/2014,7,7/21/2014,7/21/2014,7,0,1,0,1,0,0,331,0,0,0
7183,0,BlogItem,116,/blog/2014/7/maturity-quote/,"Maturity Quote",,,,blog-item.aspx,7/27/2014,6,7/27/2014,7/27/2014,6,0,1,0,1,0,0,855,0,0,0
7184,0,BlogItem,117,/blog/2014/7/define-quote/,"Define Quote",,,,blog-item.aspx,7/30/2014,6,7/30/2014,7/30/2014,6,0,1,0,1,0,0,945,0,0,0
7198,0,BlogItem,118,/blog/2014/8/we-dont-inherit-quote/,"We Don't Inherit Quote",,,,blog-item.aspx,8/2/2014,7,8/2/2014,8/2/2014,7,0,1,0,1,0,0,749,0,0,0
7220,0,BlogItem,119,/blog/2014/8/insanity-quote/,"Insanity Quote",,,,blog-item.aspx,8/6/2014,6,8/6/2014,8/6/2014,6,0,1,0,1,0,0,608,0,0,0
7227,0,BlogItem,120,/blog/2014/8/12-steps-quote/,"12 Steps Quote",,,,blog-item.aspx,8/8/2014,7,8/8/2014,8/8/2014,7,0,1,0,1,0,0,699,0,0,0
7277,0,BlogItem,121,/blog/2014/8/einstein-quote/,"Einstein Quote",,,,blog-item.aspx,8/14/2014,6,8/14/2014,8/14/2014,6,0,1,0,1,0,0,524,0,0,0
7285,0,BlogItem,122,/blog/2014/8/future-quote/,"Future Quote",,,,blog-item.aspx,8/18/2014,6,8/18/2014,8/18/2014,6,0,1,0,1,0,0,610,0,0,0
7290,0,BlogItem,123,/blog/2014/8/if-people-are-good-quote/,"If People Are Good Quote",,,,blog-item.aspx,8/20/2014,7,8/20/2014,8/20/2014,7,0,1,0,1,0,0,604,0,0,0
7293,0,BlogItem,124,/blog/2014/8/intellectual-quote/,"Intellectual Quote",,,,blog-item.aspx,8/23/2014,7,8/23/2014,8/23/2014,7,0,1,0,1,0,0,876,0,0,0
7296,0,BlogItem,125,/blog/2014/8/it-has-become-quote/,"It Has Become Quote",,,,blog-item.aspx,8/26/2014,7,8/26/2014,8/26/2014,7,0,1,0,1,0,0,611,0,0,0
7303,0,BlogItem,126,/blog/2014/8/learn-from-yesterday-quote/,"Learn From Yesterday Quote",,,,blog-item.aspx,8/30/2014,7,8/30/2014,8/30/2014,7,0,1,0,1,0,0,922,0,0,0
7305,0,BlogItem,127,/blog/2014/9/happiness-quote/,"Happiness Quote",,,,blog-item.aspx,9/1/2014,6,9/1/2014,9/1/2014,6,0,1,0,1,0,0,649,0,0,0
7346,0,BlogItem,128,/blog/2014/9/einstein-quote/,"Einstein Quote",,,,blog-item.aspx,9/10/2014,6,9/10/2014,9/10/2014,6,0,1,0,1,0,0,469,0,0,0
7361,0,BlogItem,129,/blog/2014/9/smile-quote/,"Smile Quote",,,,blog-item.aspx,9/13/2014,6,9/13/2014,9/13/2014,6,0,1,0,1,0,0,637,0,0,0
7460,0,BlogItem,130,/blog/2014/9/einstein-quote/2/,"Einstein Quote",,,,blog-item.aspx,9/16/2014,6,9/16/2014,9/16/2014,6,0,1,0,1,0,0,444,0,0,0
7479,0,BlogItem,131,/blog/2014/9/lift-up-quote/,"Lift Up Quote",,,,blog-item.aspx,9/19/2014,6,9/19/2014,9/19/2014,6,0,1,0,1,0,0,641,0,0,0
7488,0,BlogItem,132,/blog/2014/9/einstein-quote/3/,"Einstein Quote",,,,blog-item.aspx,9/25/2014,6,9/25/2014,9/25/2014,6,0,1,0,1,0,0,314,0,0,0
7499,0,BlogItem,133,/blog/2014/9/stay-positive-quote/,"Stay Positive Quote",,,,blog-item.aspx,9/27/2014,6,9/27/2014,9/27/2014,6,0,1,0,1,0,0,2688,0,0,0
7507,0,BlogItem,134,/blog/2014/10/einstein-quote/,"Einstein Quote",,,,blog-item.aspx,10/1/2014,6,10/1/2014,10/1/2014,6,0,1,0,1,0,0,2828,0,0,0
7534,0,BlogItem,135,/blog/2014/10/worry-quote/,"Worry Quote",,,,blog-item.aspx,10/4/2014,6,10/4/2014,10/4/2014,6,0,1,0,1,0,0,3110,0,0,0
7620,4,None,27,/testimonials/cathy-howell/,"Cathy Howell",,,,testimonials.aspx,10/12/2014,2,10/12/2014,10/12/2014,2,0,1,0,1,0,0,2865,0,0,0
7621,4,None,28,/testimonials/victoria-holt/,"Victoria Holt",,,,testimonials.aspx,10/12/2014,2,10/12/2014,10/12/2014,2,0,1,0,1,0,0,2776,0,0,0
7622,0,BlogItem,136,/blog/2014/10/101-ways-to-use-your-scented-sachet/,"101 Ways To Use Your Scented Sachet","| Some Great Ideas How To Use Fragranced Sachets","Scented Sachet, Fragrance, Greenleaf,","A detailed list of 101 ways to use our scented sachets with some great ideas.",blog-item.aspx,10/15/2014,2,10/15/2014,11/7/2014,2,0,1,0,1,0,0,9651,0,0,0
7644,0,BlogItem,137,/blog/2014/10/love-is-a-better-teacher-than-duty-einstein/,"'Love is a better teacher than duty' Einstein","Einstein Quote","Einstein Quote",,blog-item.aspx,10/19/2014,6,10/19/2014,10/20/2014,2,0,1,0,1,0,0,2933,0,0,0
7668,4,None,29,/testimonials/gillian-watson/,"Gillian Watson",,,,testimonials.aspx,10/23/2014,2,10/23/2014,10/23/2014,2,0,1,0,1,0,0,2843,0,0,0
7670,0,BlogItem,138,/blog/2014/10/halloween-offer/,"Halloween Offer",Discount,,"Get 25 % off",blog-item.aspx,10/25/2014,2,10/25/2014,10/25/2014,2,0,1,0,1,0,0,2598,0,0,0
7671,0,BlogItem,139,/blog/2014/10/may-your-glass-always-be-half-full/,"May Your Glass Always Be Half Full","Decorative Wooden Word Block",,,blog-item.aspx,10/25/2014,6,10/25/2014,10/25/2014,6,0,1,0,1,0,0,2892,0,0,0
7787,0,BlogItem,140,/blog/2014/11/the-history-and-uses-of-amethyst/,"The History and Uses of Amethyst","| A Multitude of Information on the Semi-Precious Stone Amethyst","Amethyst, Healing, Gemstone, Bacchus, Dionysus, Pisces","An in depth blog on the many benefits of Amethyst, how to use it, the different forms it comes in and a very interesting history of the stone.",blog-item.aspx,11/8/2014,2,11/8/2014,11/8/2014,2,0,1,0,1,0,0,3916,0,0,0
7859,4,None,30,/testimonials/skipton/,Skipton,,,,testimonials.aspx,11/27/2014,2,11/27/2014,11/27/2014,2,0,1,0,1,0,0,2914,0,0,0
8090,0,BlogItem,141,/blog/2015/1/a-good-life-quote/,"'A good life' Quote","Quote 'A good life'","Quote, Inspiring, Motivating, Good life","A good life is when you assume nothing, do more, smile often, dream big, laugh a lot and realise how blessed you are for what you have.",blog-item.aspx,1/27/2015,6,1/27/2015,1/27/2015,6,0,1,0,1,0,0,3367,0,0,0
8192,0,BlogItem,142,/blog/2015/2/einstein-quote/,"Einstein Quote","| Quote by Albert Einstein","Einstein, Quote","No problem can be solved from the same level of consciousness that created it - Albert Einstein",blog-item.aspx,2/10/2015,6,2/10/2015,2/10/2015,6,0,1,0,1,0,0,6103,0,0,0
